experiment,vertices,edges,average_time_seconds,time_per_unit_work,extract_min_calls,decrease_key_calls,heap_swaps
vary_vertices,100,1237,0.000735972400002538,8.285331652265291e-08,100,272,808
vary_vertices,200,4975,0.001720786999987922,4.350150222548941e-08,200,701,1781
vary_vertices,400,19950,0.006989547799997808,3.973535824958768e-08,400,1542,4069
vary_vertices,600,44925,0.017902599999996483,4.261083452884593e-08,600,2399,6112
vary_vertices,800,79900,0.02774625960000776,3.565169521357886e-08,800,3440,8126
vary_edges,500,1247,0.0024733078000053867,1.579053979663189e-07,500,697,4545
vary_edges,500,12475,0.00618982039999878,5.3208669068280584e-08,500,1620,5198
vary_edges,500,31187,0.008940628000004835,3.1470135711301916e-08,500,1979,5093
vary_edges,500,62375,0.01795044799999914,3.184263570468521e-08,500,2157,4612
vary_edges,500,112275,0.031260080399999876,3.0916403679885265e-08,500,2268,4080
sparse_vary_vertices,1000,5000,0.007833290199999964,1.3100307305226087e-07,1000,1928,10730
sparse_vary_vertices,2000,10000,0.018248144599999704,1.3867487059668182e-07,2000,3919,23294
sparse_vary_vertices,5000,25000,0.06135216979999995,1.6643230761734767e-07,5000,9706,65397
sparse_vary_vertices,10000,50000,0.12114161160000095,1.5194691172781658e-07,10000,19588,140012
sparse_vary_vertices,20000,100000,0.3105031425999982,1.8110150313754523e-07,20000,39148,299968
sparse_vary_vertices,50000,250000,0.9013963067999953,1.9248709545364405e-07,50000,97728,817729
